"ECH","lambda"
1,1.00000029479141
1.2,0.999999999999991
1.4,1.00000000000025
1.6,1.00000000001792
1.8,0.999999999940557
2,0.999999998509079
