"val","value"
0,1.31986730156048
0.1,1.31986729779484
0.2,1.31986729281112
0.3,1.31986731220448
0.4,1.31986730421756
0.5,1.31986729631089
0.6,1.31986732751926
0.7,1.31986730375552
0.8,1.31986729014318
0.9,1.31986729322288
1,1.31986732604601
1.1,1.3198673190686
1.2,1.31986728099446
1.3,1.31986730247691
1.4,1.31986730653582
1.5,1.31986729695699
1.6,1.31986728736714
1.7,1.31986729264011
1.8,1.31986729037393
1.9,1.31986729091161
2,1.31986729849834
