"val","value"
0,1.31986728171811
0.1,1.31986730137227
0.2,1.31986730702297
0.3,1.31986734046854
0.4,1.31986729795479
0.5,1.31986730106272
0.6,1.31986729940289
0.7,1.31986730423603
0.8,1.3198672914029
0.9,1.31986729053979
1,1.31986728674038
1.1,1.31986728391821
1.2,1.31986730809565
1.3,1.31986728728878
1.4,1.31986731391641
1.5,1.31986731690127
