"val","value"
1,1.31986729274179
2,1.31986730421791
3,1.31986730623444
4,1.31986729209386
5,1.31986732604601
6,1.31986728171811
7,1.31986730653582
8,1.31986728930577
