"val","value"
0,1.31986728739065
0.1,1.31986729394915
0.2,1.31986729895482
0.3,1.31986729034159
0.4,1.31986731773835
0.5,1.31986729105117
0.6,1.31986727789686
0.7,1.31986730395843
0.8,1.31986729900164
0.9,1.31986727967394
1,1.31986731776346
