"val","lambda_CH","lambda_PBJ","lambda_PBR","lambda_R","lambda_Co"
1,0.836098461932555,0.877925972604771,0.877941968566136,1.34975623452828,1.71764067673686
2,0.918619888927499,0.87792290082107,0.87794201838163,1.34969223292305,1.71764116800121
3,0.981963378463352,0.877919410136501,0.877942073411246,1.34961076485277,1.71764096477131
4,1.03447666124512,0.877915485907668,0.87794213056637,1.3495107720412,1.71764115589484
5,1.07954499849243,0.877911133574984,0.877942202232641,1.34939170223183,1.71764078770022
6,1.11889405617387,0.877906344192034,0.877942281148584,1.34925320154387,1.71764102104275
7,1.15351190909981,0.877901127865144,0.877942373423443,1.34909550609423,1.7176411585096
8,1.1840010661374,0.877895484906331,0.877942468998389,1.34891929815006,1.71764096512338
