"val","value"
0,0.986322305096857
0.1,0.986322306517135
0.2,0.986322304941665
0.3,0.98632230458316
0.4,0.98632230643936
0.5,0.98632230583485
0.6,0.986322307494123
0.7,0.986322306286894
0.8,0.986322306268408
0.9,0.986322305144249
1,0.98632230778166
