"val","value"
0,0.986322306454678
0.1,0.986322307363661
0.2,0.986322306968352
0.3,0.986322307690235
0.4,0.986322307822974
0.5,0.986322304901287
0.6,0.986322304974626
0.7,0.986322304412196
0.8,0.986322305207559
0.9,0.986322304950828
1,0.986322306938108
