"val","value"
0,0.986322305096857
0.1,0.986322307148763
0.2,0.986322307542113
0.3,0.986322307440923
0.4,0.98632230755189
0.5,0.98632230776022
0.6,0.986322307542383
0.7,0.986322307580776
0.8,0.986322306100597
0.9,0.986322305613313
1,0.98632230616755
1.1,0.986322304004436
1.2,0.986322306151004
1.3,0.986322306835376
1.4,0.986322311829246
1.5,0.986322312681134
