"val","value"
1,0.775598145426457
2,0.835089657022938
3,0.881638722856276
4,0.920921378655114
5,0.955380039620351
6,0.986322305096857
7,1.0145413627357
8,1.04055894255886
