"val","value"
0.1,0.986322305096857
0.2,0.986322305096857
0.3,0.986322305096857
0.4,0.986322305096857
0.5,0.986322305096857
0.6,0.986322305096857
0.7,0.986322305096857
0.8,0.986322305096857
0.9,0.986322305096857
1,0.986322305096857
