"val","value"
1,0.882113769125146
2,0.882403860523177
3,0.882742358227247
4,0.883132102927062
5,0.883575520134421
6,0.884074535530265
7,0.88463050535142
8,0.88524415214607
