"val","value"
0,0.917882548995499
0.1,0.917884261857372
0.2,0.917885875883927
0.3,0.917887288346236
0.4,0.917888386060933
0.5,0.917889126501939
0.6,0.917889571852766
0.7,0.917889824172085
0.8,0.917889968761741
0.9,0.917890055948619
1,0.91789011391778
