"val","value"
1,0.912922471578887
2,0.91365625741586
3,0.914514368865446
4,0.915502533849608
5,0.916624653496849
6,0.917882548995499
7,0.919275771271014
8,0.920801490553621
