"val","value"
1,1.08192920589017
2,1.08192920585196
3,1.08192920588787
4,1.08192920591247
5,1.08192920580647
6,1.08192920593707
7,1.08192920587115
8,1.08192920589542
